Continent,Country,Last_Updated_Date,Total_Cases,Total_Deaths,Total_Cases_Per_Million,Total_Deaths_Per_Million,Total_tests,Positive_rate,Total_Vaccinations,People_Vaccinated,People_Fully_Vaccinated,Population,Population_Density,Median_Age,Aged_65_Older,Aged_70_Older,GDP_Per_Capita,rank,country,density,densityMi,pop2021,area,Alpha-2 code,Alpha-3 code,Numeric code,Latitude (average),Longitude (average)
Asia,Afghanistan,11-10-2021,155540.0,7228.0,3904.565,181.447,,,2369625.0,828601.0,,39835428,54.422,18.6,2.581,1.337,1803.987,149,Afghanistan,61.0757,158.1862,39835.428,652230," ""AF"""," ""AFG"""," ""4""", 33, 65
Europe,Albania,11-10-2021,175163.0,2777.0,60970.074,966.608,,,1795351.0,962281.0,833070.0,2872934,104.871,38.0,13.188,8.643,11803.431,111,Albania,99.9351,258.8318,2872.933,28748," ""AL"""," ""ALB"""," ""8""", 41, 20
Africa,Algeria,11-10-2021,204695.0,5855.0,4587.864,131.229,,,,,,44616626,17.348,29.1,6.211,3.857,13913.839,198,Algeria,18.7328,48.5179,44616.624,2381741," ""DZ"""," ""DZA"""," ""12""", 28, 3
Europe,Andorra,11-10-2021,15307.0,130.0,197882.462,1680.585,215733.0,0.054,,,,77354,163.755,,,,,78,Andorra,165.2885,428.0971,77.355,468," ""AD"""," ""AND"""," ""20""", 42.5, 1.6
Africa,Angola,11-10-2021,61580.0,1629.0,1814.72,48.006,,,4074677.0,2863708.0,1210969.0,33933611,23.89,16.8,2.405,1.362,5819.495,183,Angola,27.2187,70.4966,33933.61,1246700," ""AO"""," ""AGO"""," ""24""", -12.5, 18.5
North America,Anguilla,01-10-2021,,,,,,,18704.0,9548.0,9156.0,15125,,,,,,75,Anguilla,166.1209,430.2531,15.117,91," ""AI"""," ""AIA"""," ""660""", 18.25, -63.1667
North America,Antigua and Barbuda,11-10-2021,3750.0,93.0,37983.146,941.982,,,98840.0,54435.0,44405.0,98728,231.845,32.1,6.933,4.631,21490.943,65,Antigua and Barbuda,223.3733,578.5369,98.731,442," ""AG"""," ""ATG"""," ""28""", 17.05, -61.8
South America,Argentina,11-10-2021,5266275.0,115491.0,115473.741,2532.374,24156096.0,0.019,54115894.0,30265200.0,23928986.0,45605823,16.177,31.9,11.198,7.441,18933.907,208,Argentina,16.4026,42.4828,45605.826,2780400," ""AR"""," ""ARG"""," ""32""", -34, -64
Asia,Armenia,11-10-2021,272957.0,5575.0,91962.678,1878.288,1770914.0,0.102,514241.0,344029.0,170212.0,2968128,102.931,35.7,11.232,7.571,8787.58,112,Armenia,99.7925,258.4625,2968.127,29743," ""AM"""," ""ARM"""," ""51""", 40, 45
North America,Aruba,10-10-2021,,,,,,,157541.0,81871.0,75670.0,107195,584.8,41.2,13.085,7.452,35973.781,20,Aruba,595.5778,1542.5464,107.204,180," ""AW"""," ""ABW"""," ""533""", 12.5, -69.9667
Oceania,Australia,11-10-2021,131415.0,1461.0,5095.932,56.654,39943525.0,0.012,31020482.0,17808025.0,13212457.0,25788217,3.202,37.9,15.504,10.129,44648.71,226,Australia,3.3526,8.6832,25788.215,7692024," ""AU"""," ""AUS"""," ""36""", -27, 133
Europe,Austria,11-10-2021,762538.0,11106.0,84322.894,1228.122,90377770.0,0.005,10957619.0,5790455.0,5483648.0,9043072,106.749,44.4,19.202,13.748,45436.686,104,Austria,107.8212,279.2569,9043.07,83871," ""AT"""," ""AUT"""," ""40""", 47.3333, 13.3333
Asia,Azerbaijan,11-10-2021,492790.0,6677.0,48202.428,653.113,4952737.0,0.087,8997289.0,4889404.0,4107885.0,10223344,119.309,32.4,6.018,3.871,15847.419,96,Azerbaijan,118.0524,305.7558,10223.342,86600," ""AZ"""," ""AZE"""," ""31""", 40.5, 47.5
North America,Bahamas,11-10-2021,21580.0,590.0,54369.46,1486.468,147633.0,0.178,224531.0,129121.0,100098.0,396914,39.497,34.3,8.996,5.2,27717.847,182,Bahamas,28.4668,73.7291,396.913,13943," ""BS"""," ""BHS"""," ""44""", 24.25, -76
Asia,Bahrain,11-10-2021,275734.0,1390.0,157715.946,795.06,6612314.0,0.004,2669575.0,1168806.0,1129802.0,1748295,1935.907,32.4,2.372,1.387,43290.705,6,Bahrain,2285.3542,5919.0675,1748.296,765," ""BH"""," ""BHR"""," ""48""", 26, 50.55
Asia,Bangladesh,11-10-2021,1562958.0,27699.0,9398.227,166.557,9907321.0,0.035,54798986.0,36580037.0,18218949.0,166303494,1265.036,27.5,5.098,3.262,3523.984,11,Bangladesh,1126.9465,2918.7915,166303.498,147570," ""BD"""," ""BGD"""," ""50""", 24, 90
North America,Barbados,11-10-2021,11132.0,98.0,38692.007,340.623,,,253554.0,141820.0,111734.0,287708,664.463,39.8,14.952,9.473,16978.068,16,Barbados,669.0953,1732.957,287.711,430," ""BB"""," ""BRB"""," ""52""", 13.1667, -59.5333
Europe,Belarus,11-10-2021,559715.0,4304.0,59273.841,455.794,,,3862369.0,2234696.0,1627673.0,9442867,46.858,40.3,14.799,9.788,17167.967,164,Belarus,45.4858,117.8083,9442.862,207600," ""BY"""," ""BLR"""," ""112""", 53, 28
Europe,Belgium,11-10-2021,1266562.0,25695.0,108882.878,2208.929,20514883.0,0.051,16712328.0,8632421.0,8470856.0,11632334,375.564,41.8,18.571,12.849,42658.576,33,Belgium,381.0379,986.8882,11632.326,30528," ""BE"""," ""BEL"""," ""56""", 50.8333, 4
North America,Belize,11-10-2021,22187.0,427.0,54794.216,1054.542,278894.0,0.076,344463.0,199932.0,144531.0,404915,16.426,25.0,3.853,2.279,7824.362,202,Belize,17.631,45.6643,404.914,22966," ""BZ"""," ""BLZ"""," ""84""", 17.25, -88.75
Africa,Benin,11-10-2021,24335.0,159.0,1954.457,12.77,,,247674.0,226269.0,21405.0,12451031,99.11,18.8,3.244,1.942,2064.236,101,Benin,110.556,286.3401,12451.04,112622," ""BJ"""," ""BEN"""," ""204""", 9.5, 2.25
North America,Bermuda,08-10-2021,,,,,,,87723.0,44573.0,43150.0,62092,1308.82,,,,50669.315,10,Bermuda,1149.8148,2978.0204,62.09,54," ""BM"""," ""BMU"""," ""60""", 32.3333, -64.75
Asia,Bhutan,11-10-2021,2613.0,3.0,3350.43,3.847,1160858.0,0.001,1083271.0,584977.0,498294.0,779900,21.188,28.6,4.885,2.977,8708.597,194,Bhutan,20.313,52.6107,779.898,38394," ""BT"""," ""BTN"""," ""64""", 27.5, 90.5
South America,Bolivia,11-10-2021,504121.0,18803.0,42603.205,1589.039,2456130.0,0.055,6931689.0,4357421.0,3465762.0,11832936,10.202,25.4,6.704,4.393,6885.829,213,Bolivia,10.7711,27.8972,11832.94,1098581," ""BO"""," ""BOL"""," ""68""", -17, -65
Europe,Bosnia and Herzegovina,11-10-2021,241227.0,10965.0,73917.583,3359.932,1253492.0,0.238,1242203.0,734195.0,508008.0,3263459,68.496,42.5,16.569,10.711,11713.895,147,Bosnia and Herzegovina,63.7284,165.0565,3263.466,51209," ""BA"""," ""BIH"""," ""70""", 44, 18
Africa,Botswana,11-10-2021,181251.0,2381.0,75608.199,993.226,,,690001.0,444442.0,245559.0,2397240,4.044,25.8,3.941,2.242,15807.374,220,Botswana,4.119,10.6681,2397.241,582000," ""BW"""," ""BWA"""," ""72""", -22, 24
South America,Brazil,11-10-2021,21582738.0,601213.0,100857.007,2809.493,,,249340259.0,154414034.0,99584719.0,213993441,25.04,33.5,8.552,5.06,14103.452,189,Brazil,25.1291,65.0843,213993.437,8515767," ""BR"""," ""BRA"""," ""76""", -10, -55
Asia,Brunei,11-10-2021,9167.0,64.0,20761.802,144.95,,,542019.0,330410.0,211609.0,441532,81.347,32.4,4.591,2.382,71809.251,132,Brunei,76.5884,198.3639,441.532,5765," ""BN"""," ""BRN"""," ""96""", 4.5, 114.6667
Europe,Bulgaria,11-10-2021,524333.0,21813.0,76027.146,3162.838,4990220.0,0.126,2593879.0,1407830.0,1365088.0,6896655,65.18,44.7,20.801,13.272,18563.307,148,Bulgaria,62.1999,161.0977,6896.663,110879," ""BG"""," ""BGR"""," ""100""", 43, 25
Africa,Burkina Faso,11-10-2021,14516.0,195.0,675.254,9.071,,,297231.0,273428.0,208994.0,21497097,70.151,17.6,2.409,1.358,1703.102,129,Burkina Faso,78.7535,203.9715,21497.096,272967," ""BF"""," ""BFA"""," ""854""", 13, -2
Africa,Burundi,11-10-2021,19257.0,38.0,1571.304,3.101,,,,,,12255429,423.062,17.5,2.562,1.504,702.225,28,Burundi,440.3044,1140.3884,12255.433,27834," ""BI"""," ""BDI"""," ""108""", -3.5, 30
Asia,Cambodia,11-10-2021,115068.0,2527.0,6790.096,149.117,,,25162526.0,13510285.0,11724361.0,16946446,90.672,25.6,4.412,2.385,3645.07,119,Cambodia,93.6086,242.4463,16946.438,181035," ""KH"""," ""KHM"""," ""116""", 13, 105
Africa,Cameroon,11-10-2021,95399.0,1517.0,3504.19,55.722,,,476512.0,391795.0,84717.0,27224262,50.885,18.8,3.165,1.919,3364.926,152,Cameroon,57.261,148.3059,27224.265,475442," ""CM"""," ""CMR"""," ""120""", 6, 12
North America,Canada,11-10-2021,1668009.0,28264.0,43816.665,742.463,44186056.0,0.036,57071632.0,29363912.0,27431198.0,38067913,4.037,41.4,16.984,10.797,44017.591,222,Canada,3.8126,9.8747,38067.903,9984670," ""CA"""," ""CAN"""," ""124""", 60, -95
Africa,Cape Verde,11-10-2021,37902.0,346.0,67453.163,615.767,,,460484.0,291055.0,166158.0,561901,135.58,25.7,4.46,3.437,6222.554,85,Cape Verde,139.3251,360.8519,561.898,4033," ""CV"""," ""CPV"""," ""132""", 16, -24
North America,Cayman Islands,08-10-2021,,,,,,,108614.0,55530.0,55530.0,66498,256.496,,,,49903.029,55,Cayman Islands,251.8826,652.3759,66.497,264," ""KY"""," ""CYM"""," ""136""", 19.5, -80.5
Africa,Central African Republic,11-10-2021,11401.0,100.0,2317.283,20.325,,,207004.0,197103.0,9901.0,4919987,7.479,18.3,3.655,2.251,661.24,216,Central African Republic,7.8974,20.4544,4919.981,622984," ""CF"""," ""CAF"""," ""140""", 7, 21
Africa,Chad,11-10-2021,5061.0,174.0,299.202,10.287,,,173184.0,139591.0,33593.0,16914985,11.833,16.7,2.486,1.446,1768.153,211,Chad,13.1737,34.1198,16914.985,1284000," ""TD"""," ""TCD"""," ""148""", 15, 19
South America,Chile,11-10-2021,1663383.0,37571.0,86578.787,1955.564,22194480.0,0.016,33398155.0,15929675.0,14215986.0,19212362,24.282,35.4,11.087,6.938,22767.037,187,Chile,25.4097,65.8112,19212.361,756102," ""CL"""," ""CHL"""," ""152""", -30, -71
Asia,China,11-10-2021,96512.0,4636.0,66.827,3.21,,,2222666000.0,1154856151.0,1047872000.0,1444216102,147.674,38.7,10.641,5.929,15308.712,82,China,148.7815,385.3441,1444216.107,9706961," ""CN"""," ""CHN"""," ""156""", 35, 105
South America,Colombia,11-10-2021,4973325.0,126655.0,97010.503,2470.553,25954762.0,0.037,42885532.0,27832514.0,18501504.0,51265841,44.223,32.2,7.646,4.312,13254.949,166,Colombia,44.9012,116.2941,51265.844,1141748," ""CO"""," ""COL"""," ""170""", 4, -72
Africa,Comoros,11-10-2021,4166.0,147.0,4689.034,165.456,,,360675.0,198577.0,162098.0,888456,437.352,20.4,2.963,1.726,1413.89,25,Comoros,477.1488,1235.8153,888.451,1862," ""KM"""," ""COM"""," ""174""", -12.1667, 44.25
Oceania,Cook Islands,05-10-2021,,,,,,,22536.0,11404.0,11132.0,17572,,,,,,134,Cook Islands,74.428,192.7684,17.565,236," ""CK"""," ""COK"""," ""184""", -21.2333, -159.7667
North America,Costa Rica,11-10-2021,546595.0,6698.0,106361.036,1303.353,1927328.0,0.281,5760293.0,3470013.0,2290280.0,5139053,96.079,33.6,9.468,5.694,15524.995,110,Costa Rica,100.5685,260.4725,5139.052,51100," ""CR"""," ""CRI"""," ""188""", 10, -84
Europe,Croatia,11-10-2021,418028.0,8778.0,102416.249,2150.597,2913176.0,0.143,3486793.0,1852899.0,1633894.0,4081657,73.726,44.0,19.724,13.053,22669.797,136,Croatia,72.1216,186.795,4081.651,56594," ""HR"""," ""HRV"""," ""191""", 45.1667, 15.5
North America,Cuba,11-10-2021,921328.0,7891.0,81407.392,697.239,,,22875849.0,9623676.0,6184534.0,11317498,110.408,43.1,14.738,9.719,,108,Cuba,102.995,266.7571,11317.505,109884," ""CU"""," ""CUB"""," ""192""", 21.5, -80
Europe,Cyprus,11-10-2021,121364.0,560.0,135450.137,624.997,13835984.0,0.002,1186491.0,599052.0,563053.0,896005,127.657,37.3,13.416,8.563,32415.132,90,Cyprus,131.4003,340.3267,1215.584,9251," ""CY"""," ""CYP"""," ""196""", 35, 33
Europe,Denmark,11-10-2021,366388.0,2673.0,63025.798,459.808,41501675.0,0.015,8804552.0,4462629.0,4388221.0,5813302,136.52,42.3,19.677,12.325,46682.515,88,Denmark,134.8981,349.386,5813.298,43094," ""DK"""," ""DNK"""," ""208""", 56, 10
Africa,Djibouti,11-10-2021,13229.0,177.0,13200.0,176.612,,,92097.0,66010.0,26087.0,1002197,41.285,25.4,4.213,2.38,2705.406,167,Djibouti,43.1977,111.8821,1002.187,23200," ""DJ"""," ""DJI"""," ""262""", 11.5, 43
North America,Dominica,11-10-2021,4020.0,26.0,55700.272,360.251,,,48091.0,26294.0,21797.0,72172,98.567,,,,9673.367,116,Dominica,96.0945,248.8849,72.167,751," ""DM"""," ""DMA"""," ""212""", 15.4167, -61.3333
North America,Dominican Republic,11-10-2021,366191.0,4067.0,33430.761,371.29,,,12125221.0,6134235.0,4973191.0,10953714,222.873,27.6,6.981,4.419,14600.861,64,Dominican Republic,225.056,582.8952,10953.703,48671," ""DO"""," ""DOM"""," ""214""", 19, -70.6667
South America,Ecuador,11-10-2021,512044.0,32848.0,28624.242,1836.266,1761061.0,0.105,21155212.0,11563516.0,9978130.0,17888474,66.939,28.1,7.104,4.458,10581.936,146,Ecuador,64.6164,167.3565,17888.475,276841," ""EC"""," ""ECU"""," ""218""", -2, -77.5
Africa,Egypt,11-10-2021,313259.0,17726.0,3004.642,170.02,,,20154366.0,13552189.0,6602177.0,104258327,97.999,25.3,5.159,2.891,10550.206,106,Egypt,104.0035,269.3691,104258.327,1002450," ""EG"""," ""EGY"""," ""818""", 27, 30
North America,El Salvador,11-10-2021,107664.0,3392.0,16516.683,520.365,,,7994792.0,4199362.0,3571027.0,6518500,307.811,27.6,8.273,5.417,7292.458,44,El Salvador,309.7999,802.3817,6518.499,21041," ""SV"""," ""SLV"""," ""222""", 13.8333, -88.9167
Africa,Equatorial Guinea,11-10-2021,12786.0,155.0,8818.594,106.905,230491.0,0.049,410064.0,234307.0,175757.0,1449891,45.194,22.4,2.846,1.752,22604.873,156,Equatorial Guinea,51.6879,133.8715,1449.896,28051," ""GQ"""," ""GNQ"""," ""226""", 2, 10
Africa,Eritrea,11-10-2021,6755.0,43.0,1875.627,11.94,,,,,,3601462,44.304,19.3,3.607,2.171,1510.459,179,Eritrea,30.6247,79.318,3601.467,117600," ""ER"""," ""ERI"""," ""232""", 15, 39
Europe,Estonia,11-10-2021,165345.0,1400.0,124770.976,1056.454,1997046.0,0.143,1390624.0,766338.0,721028.0,1325188,31.033,42.7,19.452,13.491,29481.252,180,Estonia,29.3007,75.8889,1325.185,45227," ""EE"""," ""EST"""," ""233""", 59, 26
Africa,Ethiopia,11-10-2021,355001.0,6026.0,3011.642,51.121,3557710.0,0.107,3873996.0,2956130.0,917866.0,117876226,104.957,19.8,3.526,2.063,1729.927,105,Ethiopia,106.7429,276.4642,117876.227,1104300," ""ET"""," ""ETH"""," ""231""", 8, 38
Oceania,Fiji,11-10-2021,51535.0,653.0,57077.259,723.226,,,1055883.0,593442.0,462441.0,902899,49.562,28.6,6.224,3.284,8702.975,159,Fiji,49.4147,127.9842,902.906,18272," ""FJ"""," ""FJI"""," ""242""", -18, 175
Europe,Finland,11-10-2021,147297.0,1100.0,26547.84,198.257,7224917.0,0.049,7786863.0,4163232.0,3623631.0,5548361,18.136,42.8,21.228,13.264,40585.721,209,Finland,16.3947,42.4623,5548.36,338424," ""FI"""," ""FIN"""," ""246""", 64, 26
Europe,France,11-10-2021,7157206.0,117966.0,105931.848,1745.983,,0.01,96292913.0,50642821.0,45085758.0,67564251,122.578,42.0,19.718,13.079,38605.671,95,France,118.5912,307.1512,65426.179,551695," ""FR"""," ""FRA"""," ""250""", 46, 2
Oceania,French Polynesia,05-10-2021,,,,,,,294961.0,153079.0,141882.0,282534,77.324,32.7,7.775,4.593,,142,French Polynesia,67.8018,175.6066,282.53,4167," ""PF"""," ""PYF"""," ""258""", -15, -140
Africa,Gabon,11-10-2021,32576.0,205.0,14295.061,89.958,1188832.0,0.013,186365.0,105903.0,80462.0,2278829,7.859,23.1,4.45,2.976,16562.413,215,Gabon,8.5136,22.0503,2278.825,267668," ""GA"""," ""GAB"""," ""266""", -1, 11.75
Africa,Gambia,11-10-2021,9941.0,339.0,3997.287,136.312,,,208379.0,184817.0,171987.0,2486937,207.566,17.5,2.339,1.417,1561.767,61,Gambia,232.664,602.5996,2486.945,10689," ""GM"""," ""GMB"""," ""270""", 13.4667, -16.5667
Asia,Georgia,11-10-2021,635583.0,9269.0,159703.33,2329.027,8900000.0,0.055,1882118.0,1002488.0,879630.0,3979773,65.032,38.7,14.864,10.244,9745.079,153,Georgia,57.0985,147.8851,3979.765,69700," ""GE"""," ""GEO"""," ""268""", 42, 43.5
Europe,Germany,11-10-2021,4323346.0,94308.0,51529.46,1124.046,75158696.0,0.066,109141510.0,57022688.0,54312772.0,83900471,237.016,46.6,21.453,15.957,45229.245,60,Germany,234.9403,608.4954,83900.473,357114," ""DE"""," ""DEU"""," ""276""", 51, 9
Africa,Ghana,11-10-2021,128368.0,1158.0,4045.364,36.493,,,2189552.0,1369515.0,820037.0,31732128,126.719,21.1,3.385,1.948,4227.63,89,Ghana,133.0304,344.5486,31732.129,238533," ""GH"""," ""GHA"""," ""288""", 8, -2
Europe,Gibraltar,11-10-2021,,,,,,,79927.0,39955.0,39698.0,33691,3457.1,,,,,5,Gibraltar,5616.3333,14546.3033,33.698,6," ""GI"""," ""GIB"""," ""292""", 36.1833, -5.3667
Europe,Greece,11-10-2021,679157.0,15177.0,65487.761,1463.443,21991126.0,0.012,12315494.0,6504849.0,6255864.0,10370747,83.479,45.3,20.396,14.524,24574.382,130,Greece,78.5722,203.502,10370.744,131990," ""GR"""," ""GRC"""," ""300""", 39, 22
North America,Greenland,11-10-2021,,,,,,,76359.0,39951.0,36408.0,56868,0.137,,,,,232,Greenland,0.0263,0.068,56.877,2166086," ""GL"""," ""GRL"""," ""304""", 72, -40
North America,Grenada,11-10-2021,5653.0,183.0,50019.909,1619.254,,,62095.0,35762.0,26333.0,113015,317.132,29.4,7.304,5.021,13593.877,39,Grenada,328.5494,850.943,113.021,344," ""GD"""," ""GRD"""," ""308""", 12.1167, -61.6667
North America,Guatemala,11-10-2021,579774.0,14066.0,31768.668,770.745,2228737.0,0.165,7650606.0,4844170.0,2806436.0,18249868,157.834,22.9,4.694,3.016,7423.808,74,Guatemala,167.6006,434.0855,18249.86,108889," ""GT"""," ""GTM"""," ""320""", 15.5, -90.25
Africa,Guinea,11-10-2021,30523.0,383.0,2261.426,28.376,,,1857641.0,1256095.0,601546.0,13497237,51.755,19.0,3.135,1.733,1998.926,155,Guinea,54.8988,142.1878,13497.244,245857," ""GN"""," ""GIN"""," ""324""", 11, -10
Africa,Guinea-Bissau,11-10-2021,6119.0,141.0,3035.986,69.958,,,117768.0,108632.0,9139.0,2015490,66.191,19.4,3.002,1.565,1548.675,154,Guinea-Bissau,55.7922,144.5019,2015.494,36125," ""GW"""," ""GNB"""," ""624""", 12, -15
South America,Guyana,11-10-2021,33748.0,842.0,42701.204,1065.379,,,586207.0,366190.0,220017.0,790329,3.952,26.3,5.305,2.837,7435.047,223,Guyana,3.6765,9.522,790.326,214969," ""GY"""," ""GUY"""," ""328""", 5, -59
North America,Haiti,11-10-2021,22614.0,643.0,1959.333,55.711,,,88133.0,62929.0,25545.0,11541683,398.448,24.3,4.8,2.954,1653.173,31,Haiti,415.9166,1077.2239,11541.685,27750," ""HT"""," ""HTI"""," ""332""", 19, -72.4167
North America,Honduras,11-10-2021,370262.0,10009.0,36794.417,994.634,,,5817602.0,3336972.0,2481005.0,10062994,82.805,24.9,4.652,2.883,4541.795,122,Honduras,89.4552,231.6889,10062.991,112492," ""HN"""," ""HND"""," ""340""", 15, -86.5
Asia,Hong Kong,11-10-2021,12268.0,213.0,1624.298,28.201,25906063.0,0.0,8835322.0,4540819.0,4294503.0,7552800,7039.714,44.8,16.303,10.158,56054.92,4,Hong Kong,6841.3134,17719.0017,7552.81,1104," ""HK"""," ""HKG"""," ""344""", 22.25, 114.1667
Europe,Hungary,11-10-2021,829456.0,30303.0,86095.293,3145.37,6620866.0,0.05,12111107.0,5911737.0,5682396.0,9634162,108.043,43.4,18.577,11.976,26777.561,107,Hungary,103.562,268.2255,9634.164,93028," ""HU"""," ""HUN"""," ""348""", 47, 20
Europe,Iceland,11-10-2021,12243.0,33.0,35656.454,96.109,650933.0,,558483.0,282036.0,277210.0,343360,3.404,37.3,14.431,9.207,46482.958,227,Iceland,3.3335,8.6338,343.353,103000," ""IS"""," ""ISL"""," ""352""", 65, -18
Asia,India,11-10-2021,33985920.0,450963.0,24390.483,323.64,583631490.0,0.014,954908095.0,685337489.0,269570606.0,1393409033,450.419,28.2,5.989,3.414,6426.674,29,India,423.8391,1097.7432,1393409.038,3287590," ""IN"""," ""IND"""," ""356""", 20, 77
Asia,Indonesia,11-10-2021,4228552.0,142716.0,15300.784,516.41,,,157929575.0,100322375.0,57607200.0,276361788,145.725,29.3,5.319,3.053,11188.744,83,Indonesia,145.1046,375.821,276361.783,1904569," ""ID"""," ""IDN"""," ""360""", -5, 120
Asia,Iraq,11-10-2021,2024705.0,22591.0,49167.968,548.6,15338457.0,0.107,,,,41179351,88.125,20.0,3.186,1.957,15663.986,118,Iraq,93.9488,243.3274,41179.35,438317," ""IQ"""," ""IRQ"""," ""368""", 33, 44
Europe,Ireland,11-10-2021,404514.0,5280.0,81180.372,1059.623,7668724.0,0.073,7238787.0,3777477.0,3697101.0,4982904,69.874,38.7,13.928,8.678,67335.293,139,Ireland,70.9078,183.6513,4982.907,70273," ""IE"""," ""IRL"""," ""372""", 53, -8
Europe,Isle of Man,10-10-2021,,,,,,,129494.0,65485.0,64009.0,85410,147.872,,,,,80,Isle of Man,149.3182,386.7341,85.41,572," ""IM"""," ""IMN"""," ""833""", 54.23, -4.55
Asia,Israel,11-10-2021,1307870.0,7940.0,148794.463,903.322,28327710.0,0.021,15647667.0,6188116.0,5687293.0,8789776,402.606,30.6,11.733,7.359,33132.32,30,Israel,423.1957,1096.0768,8789.774,20770," ""IL"""," ""ISR"""," ""376""", 31.5, 34.75
Europe,Italy,11-10-2021,4701832.0,131335.0,77886.847,2175.592,95331171.0,0.009,86449863.0,45821960.0,41766516.0,60367471,205.859,47.9,23.021,16.24,35220.084,72,Italy,200.3328,518.8619,60367.477,301336," ""IT"""," ""ITA"""," ""380""", 42.8333, 12.8333
North America,Jamaica,11-10-2021,86384.0,2025.0,29051.658,681.024,617665.0,0.141,836309.0,551804.0,319092.0,2973462,266.879,31.4,9.684,6.39,8193.571,52,Jamaica,270.5362,700.6887,2973.463,10991," ""JM"""," ""JAM"""," ""388""", 18.25, -77.5
Asia,Japan,11-10-2021,1712127.0,17972.0,13582.834,142.577,24344819.0,0.014,175700765.0,93651522.0,82049243.0,126050796,347.778,48.2,27.049,18.493,39002.223,36,Japan,333.5295,863.8414,126050.804,377930," ""JP"""," ""JPN"""," ""392""", 36, 138
Asia,Jordan,11-10-2021,834778.0,10818.0,81290.896,1053.46,10237614.0,0.036,7153612.0,3784104.0,3369508.0,10269022,109.285,23.2,3.81,2.361,8337.49,97,Jordan,114.9406,297.6961,10269.021,89342," ""JO"""," ""JOR"""," ""400""", 31, 36
Asia,Kazakhstan,11-10-2021,984398.0,16473.0,51824.174,867.23,,,14760444.0,7859131.0,6901313.0,18994958,6.681,30.6,6.991,4.625,24055.588,217,Kazakhstan,6.9709,18.0546,18994.962,2724900," ""KZ"""," ""KAZ"""," ""398""", 48, 68
Africa,Kenya,11-10-2021,251248.0,5190.0,4569.333,94.388,,,4183552.0,3135700.0,1047852.0,54985702,87.324,20.0,2.686,1.528,2993.028,117,Kenya,94.743,245.3843,54985.698,580367," ""KE"""," ""KEN"""," ""404""", 1, 38
Oceania,Kiribati,11-10-2021,2.0,,16.476,,,,45402.0,37643.0,7759.0,121388,143.701,23.2,3.895,2.21,1981.132,79,Kiribati,149.6819,387.6761,121.392,811," ""KI"""," ""KIR"""," ""296""", 1.4167, 173
Asia,Kuwait,11-10-2021,412121.0,2455.0,95209.877,567.164,4389988.0,0.002,,,,4328553,232.128,33.7,2.345,1.114,65530.537,58,Kuwait,242.9313,629.1921,4328.55,17818," ""KW"""," ""KWT"""," ""414""", 29.3375, 47.6581
Asia,Kyrgyzstan,11-10-2021,179338.0,2620.0,27056.218,395.272,,,1545233.0,880003.0,663856.0,6628347,32.333,26.3,4.489,2.882,3393.474,176,Kyrgyzstan,33.1499,85.8582,6628.356,199951," ""KG"""," ""KGZ"""," ""417""", 41, 75
Europe,Latvia,11-10-2021,172278.0,2806.0,92278.57,1502.999,,,1703879.0,963175.0,897919.0,1866934,31.212,43.9,19.754,14.136,25063.846,181,Latvia,28.9184,74.8986,1866.942,64559," ""LV"""," ""LVA"""," ""428""", 57, 25
Asia,Lebanon,11-10-2021,630382.0,8389.0,93125.711,1239.299,,,3028487.0,1664450.0,1364037.0,6769151,594.561,31.1,8.514,5.43,13367.565,18,Lebanon,647.6412,1677.3908,6769.146,10452," ""LB"""," ""LBN"""," ""422""", 33.8333, 35.8333
Africa,Lesotho,11-10-2021,21460.0,652.0,9939.478,301.982,,,383341.0,347836.0,339506.0,2159067,73.562,22.2,4.506,2.647,2851.153,138,Lesotho,71.1276,184.2205,2159.079,30355," ""LS"""," ""LSO"""," ""426""", -29.5, 28.5
Africa,Liberia,11-10-2021,5801.0,286.0,1119.839,55.21,,,93617.0,84482.0,9135.0,5180208,49.127,19.2,3.057,1.756,752.788,163,Liberia,46.5139,120.4709,5180.203,111369," ""LR"""," ""LBR"""," ""430""", 6.5, -9.5
Africa,Libya,11-10-2021,346813.0,4792.0,49839.923,688.65,,,1689252.0,1424692.0,264560.0,6958538,3.623,29.0,4.424,2.816,17881.509,221,Libya,3.9547,10.2428,6958.532,1759540," ""LY"""," ""LBY"""," ""434""", 25, 17
Europe,Liechtenstein,11-10-2021,3567.0,60.0,93245.151,1568.463,69730.0,0.011,47078.0,24744.0,23015.0,38254,237.012,,,,,59,Liechtenstein,239.0625,619.1719,38.25,160," ""LI"""," ""LIE"""," ""438""", 47.1667, 9.5333
Europe,Lithuania,11-10-2021,353289.0,5248.0,131340.939,1951.029,5381950.0,0.104,3279760.0,1768497.0,1637461.0,2689862,45.135,43.5,19.002,13.778,29524.265,169,Lithuania,41.1924,106.6882,2689.862,65300," ""LT"""," ""LTU"""," ""440""", 56, 24
Europe,Luxembourg,11-10-2021,79196.0,837.0,124754.653,1318.496,3543784.0,0.044,799074.0,421719.0,,634814,231.447,39.7,14.312,9.842,94277.965,57,Luxembourg,245.4811,635.7959,634.814,2586," ""LU"""," ""LUX"""," ""442""", 49.75, 6.1667
Africa,Madagascar,11-10-2021,43610.0,960.0,1534.087,33.77,,,,,,28427333,43.951,19.6,2.929,1.686,1416.44,162,Madagascar,48.4248,125.4202,28427.328,587041," ""MG"""," ""MDG"""," ""450""", -20, 47
Africa,Malawi,11-10-2021,61679.0,2290.0,3139.251,116.553,,,1117234.0,868390.0,510239.0,19647681,197.519,18.1,2.979,1.783,1095.042,76,Malawi,165.8256,429.4884,19647.684,118484," ""MW"""," ""MWI"""," ""454""", -13.5, 34
Asia,Malaysia,11-10-2021,2346303.0,27422.0,71585.582,836.644,,,45835200.0,24511724.0,21437380.0,32776195,96.254,29.9,6.293,3.407,26808.164,113,Malaysia,99.0807,256.619,32776.194,330803," ""MY"""," ""MYS"""," ""458""", 2.5, 112.5
Asia,Maldives,11-10-2021,85622.0,234.0,157503.403,430.448,1543706.0,0.02,739914.0,393133.0,346781.0,543620,1454.433,30.6,4.12,2.875,15183.616,7,Maldives,1812.0567,4693.2268,543.617,300," ""MV"""," ""MDV"""," ""462""", 3.25, 73
Africa,Mali,11-10-2021,15490.0,553.0,742.722,26.516,,,413563.0,318655.0,240321.0,20855724,15.196,16.4,2.519,1.486,2014.306,205,Mali,16.8165,43.5548,20855.735,1240192," ""ML"""," ""MLI"""," ""466""", 17, -4
Europe,Malta,11-10-2021,37358.0,459.0,72601.27,892.017,1306982.0,0.012,840675.0,423849.0,423566.0,514564,1454.037,42.4,19.426,11.324,36513.323,8,Malta,1401.2152,3629.1473,442.784,316," ""MT"""," ""MLT"""," ""470""", 35.8333, 14.5833
Oceania,Marshall Islands,11-10-2021,4.0,,67.094,,,,,,,59618,295.15,,,,3819.202,38,Marshall Islands,329.337,852.9829,59.61,181," ""MH"""," ""MHL"""," ""584""", 9, 168
Africa,Mauritania,11-10-2021,36432.0,785.0,7629.562,164.394,,,,,,4775110,4.289,20.3,3.138,1.792,3597.633,219,Mauritania,4.6329,11.9992,4775.119,1030700," ""MR"""," ""MRT"""," ""478""", 20, -12
Africa,Mauritius,11-10-2021,16291.0,110.0,12793.028,86.381,,,1686047.0,870130.0,815917.0,1273428,622.962,37.4,10.945,5.884,20292.745,19,Mauritius,624.2319,1616.7605,1273.433,2040," ""MU"""," ""MUS"""," ""480""", -20.2833, 57.55
North America,Mexico,11-10-2021,3725242.0,282227.0,28598.023,2166.607,10389202.0,0.249,107381477.0,66680553.0,48482445.0,130262220,66.444,29.3,6.857,4.321,17336.469,144,Mexico,66.3123,171.7488,130262.216,1964375," ""MX"""," ""MEX"""," ""484""", 23, -102
Europe,Monaco,11-10-2021,3336.0,35.0,84412.955,885.628,,,,,,39520,19347.5,,,,,2,Monaco,19755.5,51166.745,39.511,2," ""MC"""," ""MCO"""," ""492""", 43.7333, 7.4
Asia,Mongolia,11-10-2021,326738.0,1450.0,98140.68,435.529,4074039.0,0.259,4387025.0,2252914.0,2134111.0,3329282,1.98,28.6,4.031,2.421,11840.846,230,Mongolia,2.1286,5.5129,3329.289,1564110," ""MN"""," ""MNG"""," ""496""", 46, 105
Europe,Montenegro,11-10-2021,135533.0,1992.0,215799.354,3171.717,,,475813.0,250947.0,224866.0,628051,46.28,39.1,14.762,9.395,16409.288,165,Montenegro,45.4715,117.7713,628.053,13812," ""ME"""," ""MNE"""," ""499""", 42, 19
North America,Montserrat,08-10-2021,,,,,,,2911.0,1502.0,1409.0,4981,,,,,,161,Montserrat,48.7941,126.3768,4.977,102," ""MS"""," ""MSR"""," ""500""", 16.75, -62.2
Africa,Morocco,11-10-2021,939356.0,14474.0,25153.604,387.578,8853903.0,0.052,43122611.0,23023859.0,20098752.0,37344787,80.08,29.6,6.769,4.209,7485.013,125,Morocco,83.6296,216.6006,37344.795,446550," ""MA"""," ""MAR"""," ""504""", 32, -5
Africa,Mozambique,11-10-2021,150991.0,1924.0,4694.549,59.82,901901.0,0.038,3677063.0,1903730.0,1773333.0,32163045,37.728,17.7,3.158,1.87,1136.103,170,Mozambique,40.1241,103.9213,32163.047,801590," ""MZ"""," ""MOZ"""," ""508""", -18.25, 35
Asia,Myanmar,11-10-2021,479848.0,18162.0,8755.39,331.387,4376017.0,0.078,12263702.0,8390746.0,3872956.0,54806014,81.721,29.1,5.732,3.12,5591.597,126,Myanmar,81.0047,209.8022,54806.012,676578," ""MM"""," ""MMR"""," ""104""", 22, 98
Africa,Namibia,11-10-2021,128129.0,3527.0,49521.44,1363.174,713463.0,0.037,472404.0,276431.0,195973.0,2587344,3.078,22.0,3.552,2.085,9541.808,228,Namibia,3.1338,8.1166,2587.344,825615," ""NA"""," ""NAM"""," ""516""", -22, 17
Asia,Nepal,11-10-2021,802861.0,11243.0,27055.204,378.872,4256803.0,0.091,14780678.0,8317902.0,6462776.0,29674920,204.43,25.0,5.809,3.212,2442.804,70,Nepal,201.6219,522.2008,29674.92,147181," ""NP"""," ""NPL"""," ""524""", 28, 84
Europe,Netherlands,11-10-2021,2065511.0,18635.0,120275.997,1085.128,13409992.0,0.063,23698483.0,12876117.0,11605975.0,17173094,508.544,43.2,18.779,11.881,48472.545,32,Netherlands,410.3488,1062.8035,17173.099,41850," ""NL"""," ""NLD"""," ""528""", 52.5, 5.75
Oceania,New Caledonia,05-10-2021,,,,,,,251551.0,153060.0,98491.0,288217,15.342,33.4,9.954,6.489,,210,New Caledonia,15.5164,40.1876,288.218,18575," ""NC"""," ""NCL"""," ""540""", -21.5, 165.5
Oceania,New Zealand,11-10-2021,4705.0,28.0,967.979,5.761,3602589.0,0.002,5902104.0,3463004.0,2439100.0,4860642,18.206,37.9,15.322,9.72,36085.843,200,New Zealand,17.9713,46.5457,4860.643,270467," ""NZ"""," ""NZL"""," ""554""", -41, 174
North America,Nicaragua,11-10-2021,15134.0,205.0,2258.004,30.586,,,999990.0,671784.0,328206.0,6702379,51.667,27.3,5.445,3.519,5321.444,158,Nicaragua,51.4093,133.1501,6702.385,130373," ""NI"""," ""NIC"""," ""558""", 13, -85
Africa,Niger,11-10-2021,6115.0,204.0,243.327,8.118,,,646086.0,429471.0,216615.0,25130810,16.955,15.1,2.553,1.378,926.0,195,Niger,19.8349,51.3724,25130.817,1267000," ""NE"""," ""NER"""," ""562""", 16, 8
Africa,Nigeria,11-10-2021,207978.0,2756.0,983.809,13.037,3142971.0,0.029,7130171.0,4963985.0,2166186.0,211400704,209.588,18.1,2.751,1.447,5338.454,63,Nigeria,228.8461,592.7114,211400.708,923768," ""NG"""," ""NGA"""," ""566""", 10, 8
Europe,Norway,11-10-2021,193734.0,871.0,35445.875,159.36,7864561.0,0.049,7874383.0,4183502.0,3690881.0,5465629,14.462,39.7,16.821,10.813,64800.057,203,Norway,16.8795,43.718,5465.63,323802," ""NO"""," ""NOR"""," ""578""", 62, 10
Asia,Oman,11-10-2021,303978.0,4102.0,58195.696,785.316,,,5254466.0,2959586.0,2294880.0,5223376,14.98,30.7,2.355,1.53,37960.709,204,Oman,16.8768,43.711,5223.375,309500," ""OM"""," ""OMN"""," ""512""", 21, 57
Asia,Pakistan,11-10-2021,1259648.0,28152.0,5593.465,125.009,19911021.0,0.022,92597193.0,64463928.0,34299139.0,225199929,255.573,23.5,4.495,2.78,5034.708,53,Pakistan,255.3542,661.3674,225199.937,881912," ""PK"""," ""PAK"""," ""586""", 30, 70
Oceania,Palau,11-10-2021,5.0,,275.118,,,,,,,18174,47.237,,,,13240.405,171,Palau,39.5839,102.5222,18.169,459," ""PW"""," ""PLW"""," ""585""", 7.5, 134.5
North America,Panama,11-10-2021,469190.0,7271.0,107082.303,1659.446,3906709.0,0.034,5271936.0,2951452.0,2316857.0,4381583,55.133,29.7,7.918,5.03,22267.037,150,Panama,58.098,150.4739,4381.579,75417," ""PA"""," ""PAN"""," ""591""", 9, -80
Oceania,Papua New Guinea,11-10-2021,23026.0,245.0,2525.056,26.867,,,194962.0,133741.0,61221.0,9119005,18.22,22.6,3.808,2.142,3823.194,196,Papua New Guinea,19.7023,51.0289,9119.01,462840," ""PG"""," ""PNG"""," ""598""", -6, 147
South America,Paraguay,11-10-2021,460218.0,16207.0,63745.275,2244.848,1846953.0,0.013,4836914.0,2838640.0,1998274.0,7219641,17.144,26.5,6.378,3.833,8827.01,201,Paraguay,17.7495,45.9712,7219.638,406752," ""PY"""," ""PRY"""," ""600""", -23, -58
South America,Peru,11-10-2021,2184676.0,199703.0,65489.038,5986.406,,,29511990.0,16784075.0,12727915.0,33359415,25.129,29.1,7.151,4.455,12236.706,184,Peru,25.9563,67.2267,33359.418,1285216," ""PE"""," ""PER"""," ""604""", -10, -76
Asia,Philippines,11-10-2021,2674814.0,39660.0,24087.244,357.146,20507811.0,0.197,50066590.0,,23360489.0,111046910,351.873,25.2,4.803,2.661,7599.188,41,Philippines,324.3638,840.1022,111046.913,342353," ""PH"""," ""PHL"""," ""608""", 13, 122
Europe,Poland,11-10-2021,2923304.0,75869.0,77342.223,2007.276,20707050.0,0.035,37666261.0,19885124.0,19540515.0,37797000,124.027,41.8,16.763,10.202,27216.445,92,Poland,120.8812,313.0822,37797.005,312679," ""PL"""," ""POL"""," ""616""", 52, 20
Europe,Portugal,11-10-2021,1075639.0,18048.0,105787.485,1774.994,19023656.0,0.016,16042424.0,8957792.0,8729560.0,10167923,112.371,46.2,21.502,14.924,27936.896,102,Portugal,110.4129,285.9694,10167.925,92090," ""PT"""," ""PRT"""," ""620""", 39.5, -8
Asia,Qatar,11-10-2021,237483.0,607.0,81037.726,207.13,2723342.0,,4767210.0,,,2930524,227.322,31.9,1.307,0.617,116935.6,54,Qatar,252.937,655.1068,2930.528,11586," ""QA"""," ""QAT"""," ""634""", 25.5, 51.25
Europe,Romania,11-10-2021,1365788.0,39629.0,71403.402,2071.804,13294804.0,0.223,10763280.0,6130679.0,5531778.0,19127772,85.129,43.0,17.85,11.69,23313.199,128,Romania,80.237,207.8138,19127.774,238391," ""RO"""," ""ROU"""," ""642""", 46, 25
Europe,Russia,11-10-2021,7687559.0,213522.0,52686.262,1463.361,195638185.0,0.049,94671192.0,49571462.0,45099730.0,145912022,8.823,39.6,14.178,9.393,24765.954,214,Russia,8.5337,22.1024,145912.025,17098242," ""RU"""," ""RUS"""," ""643""", 60, 100
Africa,Rwanda,11-10-2021,98745.0,1308.0,7437.568,98.52,2938657.0,0.01,3888869.0,2192888.0,1695981.0,13276517,494.869,20.3,2.974,1.642,1854.211,24,Rwanda,504.082,1305.5725,13276.513,26338," ""RW"""," ""RWA"""," ""646""", -2, 30
North America,Saint Kitts and Nevis,11-10-2021,2412.0,19.0,45045.382,354.835,46380.0,0.105,48755.0,25946.0,22809.0,53546,212.865,,,,24654.385,69,Saint Kitts and Nevis,205.1494,531.337,53.544,261," ""KN"""," ""KNA"""," ""659""", 17.3333, -62.75
North America,Saint Lucia,11-10-2021,12017.0,224.0,65167.759,1214.744,,,83448.0,47703.0,35745.0,184401,293.187,34.9,9.721,6.405,12951.839,46,Saint Lucia,299.3506,775.3182,184.4,616," ""LC"""," ""LCA"""," ""662""", 13.8833, -61.1333
North America,Saint Vincent and the Grenadines,11-10-2021,4096.0,38.0,36811.691,341.515,77176.0,,35118.0,21336.0,13782.0,111269,281.787,31.8,7.724,4.832,10727.146,48,Saint Vincent and the Grenadines,286.0231,740.7999,111.263,389," ""VC"""," ""VCT"""," ""670""", 13.25, -61.2
Oceania,Samoa,11-10-2021,3.0,,14.989,,,,172316.0,114698.0,57618.0,200144,69.413,22.0,5.606,3.564,6021.557,140,Samoa,70.4254,182.4018,200.149,2842," ""WS"""," ""WSM"""," ""882""", -13.5833, -172.3333
Europe,San Marino,11-10-2021,5470.0,91.0,160835.049,2675.684,,,47100.0,,24440.0,34010,556.667,,,,56861.47,21,San Marino,557.6557,1444.3284,34.017,61," ""SM"""," ""SMR"""," ""674""", 43.7667, 12.4167
Africa,Sao Tome and Principe,11-10-2021,3629.0,56.0,16247.023,250.712,,,101065.0,73554.0,27511.0,223364,212.841,18.7,2.886,2.162,3052.714,62,Sao Tome and Principe,231.7095,600.1277,223.368,964," ""ST"""," ""STP"""," ""678""", 1, 7
Asia,Saudi Arabia,11-10-2021,547649.0,8748.0,15496.278,247.533,29430910.0,0.001,43852647.0,23731270.0,20121377.0,35340680,15.322,31.9,3.295,1.845,49045.411,207,Saudi Arabia,16.4399,42.5793,35340.683,2149690," ""SA"""," ""SAU"""," ""682""", 25, 45
Africa,Senegal,11-10-2021,73841.0,1868.0,4294.003,108.628,828629.0,0.003,1828842.0,1263844.0,564998.0,17196308,82.328,18.7,3.008,1.796,2470.58,123,Senegal,87.4142,226.4028,17196.301,196722," ""SN"""," ""SEN"""," ""686""", 14, -14
Europe,Serbia,11-10-2021,1010868.0,8788.0,146328.202,1272.107,5874429.0,0.298,6655878.0,3061127.0,2929468.0,6908224,80.291,41.2,17.366,,14048.881,115,Serbia,98.432,254.9389,8697.55,88361," ""RS"""," ""SRB"""," ""688""", 44, 21
Africa,Seychelles,11-10-2021,21769.0,118.0,220088.97,1193.004,,,,,,98910,208.354,36.2,8.606,5.586,26382.287,66,Seychelles,218.823,566.7516,98.908,452," ""SC"""," ""SYC"""," ""690""", -4.5833, 55.6667
Africa,Sierra Leone,11-10-2021,6396.0,121.0,785.62,14.862,,,236465.0,192558.0,43907.0,8141343,104.7,19.1,2.538,1.285,1390.3,99,Sierra Leone,113.484,293.9236,8141.343,71740," ""SL"""," ""SLE"""," ""694""", 8.5, -11.5
Asia,Singapore,11-10-2021,129229.0,172.0,21915.538,29.169,20436387.0,0.054,9670942.0,4716546.0,4605568.0,5896684,7915.731,42.4,12.922,7.049,85535.383,3,Singapore,8305.1915,21510.4461,5896.686,710," ""SG"""," ""SGP"""," ""702""", 1.3667, 103.8
Europe,Slovakia,11-10-2021,425971.0,12735.0,78006.294,2332.107,42271380.0,0.056,4745132.0,2471274.0,2273858.0,5460726,113.128,41.2,15.07,9.167,30155.152,100,Slovakia,111.3592,288.4203,5460.721,49037," ""SK"""," ""SVK"""," ""703""", 48.6667, 19.5
Europe,Slovenia,11-10-2021,301644.0,4617.0,145110.243,2221.075,1626242.0,0.196,2182831.0,1135716.0,1047115.0,2078723,102.619,44.5,19.062,12.93,31400.84,109,Slovenia,102.5366,265.5697,2078.724,20273," ""SI"""," ""SVN"""," ""705""", 46, 15
Oceania,Solomon Islands,11-10-2021,20.0,,28.409,,,,130204.0,104760.0,25444.0,703995,21.841,20.8,3.507,2.043,2205.923,190,Solomon Islands,24.3631,63.1004,703.996,28896," ""SB"""," ""SLB"""," ""90""", -8, 159
Africa,Somalia,11-10-2021,21269.0,1180.0,1300.101,72.129,,,542501.0,297741.0,244760.0,16359500,23.5,16.8,2.731,1.496,,186,Somalia,25.6556,66.4481,16359.504,637657," ""SO"""," ""SOM"""," ""706""", 10, 49
Africa,South Africa,11-10-2021,2912346.0,88346.0,48505.15,1471.403,17864698.0,0.046,19041535.0,13466577.0,9911989.0,60041996,46.754,27.3,5.344,3.053,12294.876,160,South Africa,49.173,127.3579,60041.994,1221037," ""ZA"""," ""ZAF"""," ""710""", -29, 24
Asia,South Korea,11-10-2021,334163.0,2594.0,6513.24,50.56,13721674.0,0.054,69161152.0,40014733.0,30606048.0,51305184,527.967,43.4,13.914,8.622,35938.374,23,South Korea,511.9767,1326.0197,51305.186,100210," ""KR"""," ""KOR"""," ""410""", 37, 127.5
Africa,South Sudan,11-10-2021,12114.0,130.0,1064.37,11.422,,,113013.0,81061.0,31952.0,11381377,,19.2,3.441,2.032,1569.888,199,South Sudan,18.3646,47.5644,11381.378,619745," ""SS"""," ""SSD"""," ""728""", 8, 30
Europe,Spain,11-10-2021,4977448.0,86827.0,106480.384,1857.452,59314343.0,0.024,70822813.0,37816635.0,36937743.0,46745211,93.105,45.5,19.436,13.799,34272.36,120,Spain,92.3833,239.2728,46745.216,505992," ""ES"""," ""ESP"""," ""724""", 40, -4
Asia,Sri Lanka,11-10-2021,527064.0,13354.0,24517.677,621.194,5355028.0,0.134,27102057.0,14703606.0,12398451.0,21497306,341.955,34.1,10.069,5.331,11669.077,40,Sri Lanka,327.6529,848.6211,21497.31,65610," ""LK"""," ""LKA"""," ""144""", 7, 81
Africa,Sudan,11-10-2021,38827.0,2953.0,864.564,65.755,,,,,,44909351,23.258,19.7,3.548,2.034,4466.507,192,Sudan,23.8111,61.6707,44909.353,1886068," ""SD"""," ""SDN"""," ""736""", 15, 30
South America,Suriname,11-10-2021,44306.0,968.0,74866.762,1635.693,,,417831.0,237707.0,180124.0,591798,3.612,29.6,6.933,4.229,13767.119,225,Suriname,3.6125,9.3564,591.8,163820," ""SR"""," ""SUR"""," ""740""", 4, -56
Europe,Sweden,11-10-2021,1157822.0,14905.0,113957.075,1467.005,,0.03,13965508.0,7188306.0,6721017.0,10160159,24.718,41.0,19.985,13.433,46949.283,193,Sweden,22.5634,58.4391,10160.169,450295," ""SE"""," ""SWE"""," ""752""", 62, 15
Europe,Switzerland,11-10-2021,850684.0,11133.0,97605.942,1277.38,10760244.0,0.033,10664254.0,5606512.0,5207485.0,8715494,214.243,43.1,18.436,12.644,57410.166,68,Switzerland,211.1107,546.7767,8715.494,41284," ""CH"""," ""CHE"""," ""756""", 47, 8
Asia,Taiwan,11-10-2021,16305.0,846.0,683.504,35.464,3619373.0,0.0,18240856.0,13759882.0,4480974.0,23855008,,42.2,,8.353,,17,Taiwan,659.1056,1707.0836,23855.01,36193," ""TW"""," ""TWN"""," ""158""", 23.5, 121
Asia,Tajikistan,11-10-2021,17484.0,125.0,1793.3,12.821,,,4362853.0,2464077.0,1898776.0,9749625,64.281,23.3,3.466,2.155,2896.913,141,Tajikistan,68.1316,176.4608,9749.627,143100," ""TJ"""," ""TJK"""," ""762""", 39, 71
Asia,Thailand,11-10-2021,1720919.0,17751.0,24601.833,253.764,14201188.0,0.223,59539624.0,34782627.0,23055555.0,69950844,135.132,40.1,11.373,6.89,16277.671,86,Thailand,136.3245,353.0806,69950.85,513120," ""TH"""," ""THA"""," ""764""", 15, 100
Africa,Togo,11-10-2021,25788.0,236.0,3041.668,27.836,518580.0,0.038,1215025.0,805728.0,409297.0,8478242,143.366,19.4,2.839,1.525,1429.813,81,Togo,149.3044,386.6984,8478.25,56785," ""TG"""," ""TGO"""," ""768""", 8, 1.1667
Oceania,Tonga,05-10-2021,,,,,,,74503.0,46985.0,27518.0,106759,150.028,22.3,5.82,4.032,5425.621,84,Tonga,142.9183,370.1585,106.76,747," ""TO"""," ""TON"""," ""776""", -20, -175
North America,Trinidad and Tobago,11-10-2021,52847.0,1555.0,37657.104,1108.044,353373.0,0.122,1145835.0,597951.0,547884.0,1403374,266.886,36.2,10.014,5.819,28763.071,51,Trinidad and Tobago,273.5624,708.5266,1403.375,5130," ""TT"""," ""TTO"""," ""780""", 11, -61
Africa,Tunisia,11-10-2021,709866.0,25039.0,59473.864,2097.813,2994047.0,0.053,8505215.0,5294505.0,4095504.0,11935764,74.228,32.7,8.001,5.075,10849.297,135,Tunisia,72.9525,188.9471,11935.766,163610," ""TN"""," ""TUN"""," ""788""", 34, 9
Asia,Turkey,11-10-2021,7475085.0,66368.0,87897.983,780.408,90162700.0,0.084,112666626.0,54565515.0,46435265.0,85042736,104.914,31.6,8.153,5.061,25129.341,103,Turkey,108.5335,281.1018,85042.738,783562," ""TR"""," ""TUR"""," ""792""", 39, 35
North America,Turks and Caicos Islands,08-10-2021,,,,,,,54417.0,28305.0,26112.0,39226,37.312,,,,,168,Turks and Caicos Islands,41.3829,107.1817,39.231,948," ""TC"""," ""TCA"""," ""796""", 21.75, -71.5833
Africa,Uganda,11-10-2021,124736.0,3177.0,2647.0,67.419,1705808.0,0.032,2615807.0,2200321.0,415486.0,47123533,213.759,16.4,2.168,1.308,1697.707,73,Uganda,195.0881,505.2782,47123.531,241550," ""UG"""," ""UGA"""," ""800""", 1, 32
Europe,Ukraine,11-10-2021,2667304.0,62550.0,61364.137,1439.029,13277259.0,0.306,13807133.0,7609047.0,6198086.0,43466822,77.39,41.4,16.462,11.133,7894.393,137,Ukraine,72.0246,186.5436,43466.819,603500," ""UA"""," ""UKR"""," ""804""", 49, 32
Asia,United Arab Emirates,11-10-2021,737890.0,2114.0,73854.856,211.589,87246490.0,0.0,20479211.0,9445401.0,8426682.0,9991083,112.442,34.0,1.144,0.526,67293.483,93,United Arab Emirates,119.5106,309.5325,9991.089,83600," ""AE"""," ""ARE"""," ""784""", 24, 54
Europe,United Kingdom,11-10-2021,8232327.0,138167.0,120696.017,2025.698,283376305.0,0.04,94376101.0,49186920.0,45189181.0,68207114,272.898,40.8,18.517,12.527,39753.244,49,United Kingdom,280.8033,727.2805,68207.116,242900," ""GB"""," ""GBR"""," ""826""", 54, -2
North America,United States,11-10-2021,44455949.0,714055.0,133535.404,2144.856,592381867.0,0.077,401819240.0,216889814.0,187215471.0,332915074,35.608,38.3,15.413,9.732,54225.446,174,United States,35.52,91.9968,332915.073,9372610," ""US"""," ""USA"""," ""840""", 38, -97
South America,Uruguay,11-10-2021,390115.0,6064.0,111936.294,1739.953,3635691.0,0.015,6404740.0,2743915.0,2598784.0,3485152,19.751,35.6,14.655,10.361,20551.409,197,Uruguay,19.2514,49.861,3485.151,181034," ""UY"""," ""URY"""," ""858""", -33, -56
Asia,Uzbekistan,11-10-2021,178637.0,1271.0,5263.974,37.453,,,21978290.0,12025985.0,4941860.0,33935765,76.134,28.2,4.469,2.873,6253.104,133,Uzbekistan,75.8511,196.4542,33935.763,447400," ""UZ"""," ""UZB"""," ""860""", 41, 64
Oceania,Vanuatu,11-10-2021,4.0,1.0,12.72,3.18,,,73744.0,49639.0,24105.0,314464,22.662,23.1,4.394,2.62,2921.909,185,Vanuatu,25.799,66.8194,314.464,12189," ""VU"""," ""VUT"""," ""548""", -16, 167
South America,Venezuela,11-10-2021,384668.0,4634.0,13400.756,161.436,,,16127242.0,9926613.0,6190629.0,28704947,36.253,29.0,6.614,3.915,16745.022,177,Venezuela,31.3221,81.1242,28704.954,916445," ""VE"""," ""VEN"""," ""862""", 8, -66
Asia,Vietnam,11-10-2021,843281.0,20670.0,8590.11,210.556,24871501.0,0.055,54279564.0,38698136.0,15581428.0,98168829,308.127,32.6,7.15,4.718,6171.884,47,Vietnam,296.3927,767.6572,98168.833,331212," ""VN"""," ""VNM"""," ""704""", 16, 106
Oceania,Wallis and Futuna,05-10-2021,,,,,,,10843.0,5679.0,5164.0,11094,,,,,,131,Wallis and Futuna,78.1268,202.3483,11.094,142," ""WF"""," ""WLF"""," ""876""", -13.3, -176.2
Asia,Yemen,11-10-2021,9402.0,1782.0,308.357,58.444,,,,,,30490639,53.508,20.3,2.922,1.583,1479.147,151,Yemen,57.7509,149.5749,30490.64,527968," ""YE"""," ""YEM"""," ""887""", 15, 48
Africa,Zambia,11-10-2021,209353.0,3654.0,11064.785,193.122,2509600.0,0.005,802043.0,,462835.0,18920657,22.995,17.7,2.48,1.542,3689.251,188,Zambia,25.14,65.1125,18920.651,752612," ""ZM"""," ""ZMB"""," ""894""", -15, 30
Africa,Zimbabwe,11-10-2021,131875.0,4643.0,8737.974,307.643,1288436.0,0.038,5594808.0,3176445.0,2418363.0,15092171,42.729,19.6,2.822,1.882,1899.775,173,Zimbabwe,38.6229,100.0333,15092.171,390757," ""ZW"""," ""ZWE"""," ""716""", -20, 30
