Continent,Country,Total_Cases,Total_Deaths,Total_Cases_Per_Million,Total_Deaths_Per_Million,Total_tests,Positive_rate,Total_Vaccinations,People_Vaccinated,People_Fully_Vaccinated,Median_Age,GDP_Per_Capita,density,pop2021,Vaccinatiegraad
Azië,Afghanistan,155540.0,7228.0,3904.565,181.447,,,2369625.0,828601.0,,18.6,1803.987,61.0757,39835428.0,
Europa,Albania,175163.0,2777.0,60970.074,966.608,,,1795351.0,962281.0,833070.0,38.0,11803.431,99.9351,2872933.0,28.997195548939008
Afrika,Algeria,204695.0,5855.0,4587.864,131.229,,,,,,29.1,13913.839,18.7328,44616624.0,
Europa,Andorra,15307.0,130.0,197882.462,1680.585,215733.0,0.054,,,,,,165.2885,77355.0,
Afrika,Angola,61580.0,1629.0,1814.72,48.006,,,4074677.0,2863708.0,1210969.0,16.8,5819.495,27.2187,33933610.0,3.5686418273799934
Noord-Amerika,Anguilla,,,,,,,18704.0,9548.0,9156.0,,,166.1209,15117.0,60.56757293113713
Noord-Amerika,Antigua and Barbuda,3750.0,93.0,37983.146,941.982,,,98840.0,54435.0,44405.0,32.1,21490.943,223.3733,98731.0,44.97574216811336
Zuid-Amerika,Argentina,5266275.0,115491.0,115473.741,2532.374,24156096.0,0.019,54115894.0,30265200.0,23928986.0,31.9,18933.907,16.4026,45605826.0,52.469142867843246
Azië,Armenia,272957.0,5575.0,91962.678,1878.288,1770914.0,0.102,514241.0,344029.0,170212.0,35.7,8787.58,99.7925,2968127.0,5.734660275655321
Noord-Amerika,Aruba,,,,,,,157541.0,81871.0,75670.0,41.2,35973.781,595.5778,107204.0,70.58505279653744
Oceanië,Australia,131415.0,1461.0,5095.932,56.654,39943525.0,0.012,31020482.0,17808025.0,13212457.0,37.9,44648.71,3.3526,25788215.0,51.23447667859137
Europa,Austria,762538.0,11106.0,84322.894,1228.122,90377770.0,0.005,10957619.0,5790455.0,5483648.0,44.4,45436.686,107.8212,9043070.0,60.639229819076924
Azië,Azerbaijan,492790.0,6677.0,48202.428,653.113,4952737.0,0.087,8997289.0,4889404.0,4107885.0,32.4,15847.419,118.0524,10223342.0,40.181429908145496
Noord-Amerika,Bahamas,21580.0,590.0,54369.46,1486.468,147633.0,0.178,224531.0,129121.0,100098.0,34.3,27717.847,28.4668,396913.0,25.21912862516471
Azië,Bahrain,275734.0,1390.0,157715.946,795.06,6612314.0,0.004,2669575.0,1168806.0,1129802.0,32.4,43290.705,2285.3542,1748296.0,64.6230386616454
Azië,Bangladesh,1562958.0,27699.0,9398.227,166.557,9907321.0,0.035,54798986.0,36580037.0,18218949.0,27.5,3523.984,1126.9465,166303498.0,10.95524100160539
Noord-Amerika,Barbados,11132.0,98.0,38692.007,340.623,,,253554.0,141820.0,111734.0,39.8,16978.068,669.0953,287711.0,38.83549812137874
Europa,Belarus,559715.0,4304.0,59273.841,455.794,,,3862369.0,2234696.0,1627673.0,40.3,17167.967,45.4858,9442862.0,17.23707282813198
Europa,Belgium,1266562.0,25695.0,108882.878,2208.929,20514883.0,0.051,16712328.0,8632421.0,8470856.0,41.8,42658.576,381.0379,11632326.0,72.82168673745905
Noord-Amerika,Belize,22187.0,427.0,54794.216,1054.542,278894.0,0.076,344463.0,199932.0,144531.0,25.0,7824.362,17.631,404914.0,35.694246185609785
Afrika,Benin,24335.0,159.0,1954.457,12.77,,,247674.0,226269.0,21405.0,18.8,2064.236,110.556,12451040.0,0.17191335021010293
Noord-Amerika,Bermuda,,,,,,,87723.0,44573.0,43150.0,,50669.315,1149.8148,62090.0,69.49589305846352
Azië,Bhutan,2613.0,3.0,3350.43,3.847,1160858.0,0.001,1083271.0,584977.0,498294.0,28.6,8708.597,20.313,779898.0,63.892201287860715
Zuid-Amerika,Bolivia,504121.0,18803.0,42603.205,1589.039,2456130.0,0.055,6931689.0,4357421.0,3465762.0,25.4,6885.829,10.7711,11832940.0,29.289103130751954
Europa,Bosnia and Herzegovina,241227.0,10965.0,73917.583,3359.932,1253492.0,0.238,1242203.0,734195.0,508008.0,42.5,11713.895,63.7284,3263466.0,15.566517316252106
Afrika,Botswana,181251.0,2381.0,75608.199,993.226,,,690001.0,444442.0,245559.0,25.8,15807.374,4.119,2397241.0,10.243400642655452
Zuid-Amerika,Brazil,21582738.0,601213.0,100857.007,2809.493,,,249340259.0,154414034.0,99584719.0,33.5,14103.452,25.1291,213993437.0,46.53634260755389
Noord-Amerika,British Virgin Islands,,,,,,,33075.0,17607.0,15468.0,,,201.4636,30421.0,50.84645475165181
Azië,Brunei,9167.0,64.0,20761.802,144.95,,,542019.0,330410.0,211609.0,32.4,71809.251,76.5884,441532.0,47.92608463259741
Europa,Bulgaria,524333.0,21813.0,76027.146,3162.838,4990220.0,0.126,2593879.0,1407830.0,1365088.0,44.7,18563.307,62.1999,6896663.0,19.793456632577232
Afrika,Burkina Faso,14516.0,195.0,675.254,9.071,,,297231.0,273428.0,208994.0,17.6,1703.102,78.7535,21497096.0,0.9721964306248622
Afrika,Burundi,19257.0,38.0,1571.304,3.101,,,,,,17.5,702.225,440.3044,12255433.0,
Azië,Cambodia,115068.0,2527.0,6790.096,149.117,,,25162526.0,13510285.0,11724361.0,25.6,3645.07,93.6086,16946438.0,69.18481040086418
Afrika,Cameroon,95399.0,1517.0,3504.19,55.722,,,476512.0,391795.0,84717.0,18.8,3364.926,57.261,27224265.0,0.3111819547745366
Noord-Amerika,Canada,1668009.0,28264.0,43816.665,742.463,44186056.0,0.036,57071632.0,29363912.0,27431198.0,41.4,44017.591,3.8126,38067903.0,72.0586001283023
Afrika,Cape Verde,37902.0,346.0,67453.163,615.767,,,460484.0,291055.0,166158.0,25.7,6222.554,139.3251,561898.0,29.57084737799387
Noord-Amerika,Cayman Islands,,,,,,,108614.0,55530.0,55530.0,,49903.029,251.8826,66497.0,83.50752665533784
Afrika,Central African Republic,11401.0,100.0,2317.283,20.325,,,207004.0,197103.0,9901.0,18.3,661.24,7.8974,4919981.0,0.20124061454708872
Afrika,Chad,5061.0,174.0,299.202,10.287,,,173184.0,139591.0,33593.0,16.7,1768.153,13.1737,16914985.0,0.19859905285165785
Zuid-Amerika,Chile,1663383.0,37571.0,86578.787,1955.564,22194480.0,0.016,33398155.0,15929675.0,14215986.0,35.4,22767.037,25.4097,19212361.0,73.99395628678849
Azië,China,96512.0,4636.0,66.827,3.21,,,2222666000.0,1154856151.0,1047872000.0,38.7,15308.712,148.7815,1444216107.0,72.55645432294018
Zuid-Amerika,Colombia,4973325.0,126655.0,97010.503,2470.553,25954762.0,0.037,42885532.0,27832514.0,18501504.0,32.2,13254.949,44.9012,51265844.0,36.08933854673298
Afrika,Comoros,4166.0,147.0,4689.034,165.456,,,360675.0,198577.0,162098.0,20.4,1413.89,477.1488,888451.0,18.24501294950425
Oceanië,Cook Islands,,,,,,,22536.0,11404.0,11132.0,,,74.428,17565.0,63.3760318815827
Noord-Amerika,Costa Rica,546595.0,6698.0,106361.036,1303.353,1927328.0,0.281,5760293.0,3470013.0,2290280.0,33.6,15524.995,100.5685,5139052.0,44.56619625565182
Europa,Croatia,418028.0,8778.0,102416.249,2150.597,2913176.0,0.143,3486793.0,1852899.0,1633894.0,44.0,22669.797,72.1216,4081651.0,40.03022306414732
Noord-Amerika,Cuba,921328.0,7891.0,81407.392,697.239,,,22875849.0,9623676.0,6184534.0,43.1,,102.995,11317505.0,54.64573684747654
Noord-Amerika,Curacao,,,,,,,188871.0,98611.0,90260.0,41.7,,371.1667,164798.0,54.77008216119128
Europa,Cyprus,121364.0,560.0,135450.137,624.997,13835984.0,0.002,1186491.0,599052.0,563053.0,37.3,32415.132,131.4003,1215584.0,46.31954681864848
Europa,Denmark,366388.0,2673.0,63025.798,459.808,41501675.0,0.015,8804552.0,4462629.0,4388221.0,42.3,46682.515,134.8981,5813298.0,75.48591178363814
Afrika,Djibouti,13229.0,177.0,13200.0,176.612,,,92097.0,66010.0,26087.0,25.4,2705.406,43.1977,1002187.0,2.6030072232028556
Noord-Amerika,Dominica,4020.0,26.0,55700.272,360.251,,,48091.0,26294.0,21797.0,,9673.367,96.0945,72167.0,30.203555641775324
Noord-Amerika,Dominican Republic,366191.0,4067.0,33430.761,371.29,,,12125221.0,6134235.0,4973191.0,27.6,14600.861,225.056,10953703.0,45.401915680934565
Zuid-Amerika,Ecuador,512044.0,32848.0,28624.242,1836.266,1761061.0,0.105,21155212.0,11563516.0,9978130.0,28.1,10581.936,64.6164,17888475.0,55.779657013803586
Afrika,Egypt,313259.0,17726.0,3004.642,170.02,,,20154366.0,13552189.0,6602177.0,25.3,10550.206,104.0035,104258327.0,6.332517689450359
Noord-Amerika,El Salvador,107664.0,3392.0,16516.683,520.365,,,7994792.0,4199362.0,3571027.0,27.6,7292.458,309.7999,6518499.0,54.78296460580879
Afrika,Equatorial Guinea,12786.0,155.0,8818.594,106.905,230491.0,0.049,410064.0,234307.0,175757.0,22.4,22604.873,51.6879,1449896.0,12.122041856795246
Afrika,Eritrea,6755.0,43.0,1875.627,11.94,,,,,,19.3,1510.459,30.6247,3601467.0,
Europa,Estonia,165345.0,1400.0,124770.976,1056.454,1997046.0,0.143,1390624.0,766338.0,721028.0,42.7,29481.252,29.3007,1325185.0,54.409610733595684
Afrika,Eswatini,46284.0,1229.0,39479.038,1048.305,,,258552.0,227080.0,219736.0,21.5,7738.975,67.5168,1172362.0,18.743016235599587
Afrika,Ethiopia,355001.0,6026.0,3011.642,51.121,3557710.0,0.107,3873996.0,2956130.0,917866.0,19.8,1729.927,106.7429,117876227.0,0.7786693070859827
Oceanië,Fiji,51535.0,653.0,57077.259,723.226,,,1055883.0,593442.0,462441.0,28.6,8702.975,49.4147,902906.0,51.2169594620038
Europa,Finland,147297.0,1100.0,26547.84,198.257,7224917.0,0.049,7786863.0,4163232.0,3623631.0,42.8,40585.721,16.3947,5548360.0,65.30994744392937
Europa,France,7157206.0,117966.0,105931.848,1745.983,,0.01,96292913.0,50642821.0,45085758.0,42.0,38605.671,118.5912,65426179.0,68.91088351652019
Oceanië,French Polynesia,,,,,,,294961.0,153079.0,141882.0,32.7,,67.8018,282530.0,50.21838388843663
Afrika,Gabon,32576.0,205.0,14295.061,89.958,1188832.0,0.013,186365.0,105903.0,80462.0,23.1,16562.413,8.5136,2278825.0,3.530854716794839
Afrika,Gambia,9941.0,339.0,3997.287,136.312,,,208379.0,184817.0,171987.0,17.5,1561.767,232.664,2486945.0,6.915593227835758
Azië,Georgia,635583.0,9269.0,159703.33,2329.027,8900000.0,0.055,1882118.0,1002488.0,879630.0,38.7,9745.079,57.0985,3979765.0,22.102561332138958
Europa,Germany,4323346.0,94308.0,51529.46,1124.046,75158696.0,0.066,109141510.0,57022688.0,54312772.0,46.6,45229.245,234.9403,83900473.0,64.73476257994398
Afrika,Ghana,128368.0,1158.0,4045.364,36.493,,,2189552.0,1369515.0,820037.0,21.1,4227.63,133.0304,31732129.0,2.5842482866497862
Europa,Greece,679157.0,15177.0,65487.761,1463.443,21991126.0,0.012,12315494.0,6504849.0,6255864.0,45.3,24574.382,78.5722,10370744.0,60.322229533387386
Noord-Amerika,Greenland,,,,,,,76359.0,39951.0,36408.0,,,0.0263,56877.0,64.01181496914394
Noord-Amerika,Grenada,5653.0,183.0,50019.909,1619.254,,,62095.0,35762.0,26333.0,29.4,13593.877,328.5494,113021.0,23.299209881349483
Noord-Amerika,Guatemala,579774.0,14066.0,31768.668,770.745,2228737.0,0.165,7650606.0,4844170.0,2806436.0,22.9,7423.808,167.6006,18249860.0,15.377849473913772
Afrika,Guinea,30523.0,383.0,2261.426,28.376,,,1857641.0,1256095.0,601546.0,19.0,1998.926,54.8988,13497244.0,4.456806145017457
Afrika,Guinea-Bissau,6119.0,141.0,3035.986,69.958,,,117768.0,108632.0,9139.0,19.4,1548.675,55.7922,2015494.0,0.453437221842387
Zuid-Amerika,Guyana,33748.0,842.0,42701.204,1065.379,,,586207.0,366190.0,220017.0,26.3,7435.047,3.6765,790326.0,27.83876526901557
Noord-Amerika,Haiti,22614.0,643.0,1959.333,55.711,,,88133.0,62929.0,25545.0,24.3,1653.173,415.9166,11541685.0,0.22132816828738613
Noord-Amerika,Honduras,370262.0,10009.0,36794.417,994.634,,,5817602.0,3336972.0,2481005.0,24.9,4541.795,89.4552,10062991.0,24.654747281399736
Azië,Hong Kong,12268.0,213.0,1624.298,28.201,25906063.0,0.0,8835322.0,4540819.0,4294503.0,44.8,56054.92,6841.3134,7552810.0,56.8596720955512
Europa,Hungary,829456.0,30303.0,86095.293,3145.37,6620866.0,0.05,12111107.0,5911737.0,5682396.0,43.4,26777.561,103.562,9634164.0,58.98172379046069
Europa,Iceland,12243.0,33.0,35656.454,96.109,650933.0,,558483.0,282036.0,277210.0,37.3,46482.958,3.3335,343353.0,80.73615200682679
Azië,India,33985920.0,450963.0,24390.483,323.64,583631490.0,0.014,954908095.0,685337489.0,269570606.0,28.2,6426.674,423.8391,1393409038.0,19.34612153707015
Azië,Indonesia,4228552.0,142716.0,15300.784,516.41,,,157929575.0,100322375.0,57607200.0,29.3,11188.744,145.1046,276361783.0,20.84485031709323
Azië,Iran,5716394.0,122868.0,67228.947,1445.017,33350660.0,0.106,57676540.0,40961153.0,16715387.0,32.4,19082.62,51.589,85028759.0,19.6585098931057
Azië,Iraq,2024705.0,22591.0,49167.968,548.6,15338457.0,0.107,,,,20.0,15663.986,93.9488,41179350.0,
Europa,Ireland,404514.0,5280.0,81180.372,1059.623,7668724.0,0.073,7238787.0,3777477.0,3697101.0,38.7,67335.293,70.9078,4982907.0,74.19566530139936
Europa,Isle of Man,,,,,,,129494.0,65485.0,64009.0,,,149.3182,85410.0,74.94321508020138
Azië,Israel,1307870.0,7940.0,148794.463,903.322,28327710.0,0.021,15647667.0,6188116.0,5687293.0,30.6,33132.32,423.1957,8789774.0,64.7035179744098
Europa,Italy,4701832.0,131335.0,77886.847,2175.592,95331171.0,0.009,86449863.0,45821960.0,41766516.0,47.9,35220.084,200.3328,60367477.0,69.18711543965968
Noord-Amerika,Jamaica,86384.0,2025.0,29051.658,681.024,617665.0,0.141,836309.0,551804.0,319092.0,31.4,8193.571,270.5362,2973463.0,10.731325730301672
Azië,Japan,1712127.0,17972.0,13582.834,142.577,24344819.0,0.014,175700765.0,93651522.0,82049243.0,48.2,39002.223,333.5295,126050804.0,65.09220123657443
Azië,Jordan,834778.0,10818.0,81290.896,1053.46,10237614.0,0.036,7153612.0,3784104.0,3369508.0,23.2,8337.49,114.9406,10269021.0,32.81235864645715
Azië,Kazakhstan,984398.0,16473.0,51824.174,867.23,,,14760444.0,7859131.0,6901313.0,30.6,24055.588,6.9709,18994962.0,36.332333805142646
Afrika,Kenya,251248.0,5190.0,4569.333,94.388,,,4183552.0,3135700.0,1047852.0,20.0,2993.028,94.743,54985698.0,1.9056810009031804
Oceanië,Kiribati,2.0,,16.476,,,,45402.0,37643.0,7759.0,23.2,1981.132,149.6819,121392.0,6.3916897324370625
Azië,Kuwait,412121.0,2455.0,95209.877,567.164,4389988.0,0.002,,,,33.7,65530.537,242.9313,4328550.0,
Azië,Kyrgyzstan,179338.0,2620.0,27056.218,395.272,,,1545233.0,880003.0,663856.0,26.3,3393.474,33.1499,6628356.0,10.015394465837382
Azië,Laos,28849.0,30.0,3909.419,4.065,612410.0,0.083,,2983763.0,2080368.0,24.4,6397.36,31.1628,7379358.0,28.191720743186604
Europa,Latvia,172278.0,2806.0,92278.57,1502.999,,,1703879.0,963175.0,897919.0,43.9,25063.846,28.9184,1866942.0,48.09570945428406
Azië,Lebanon,630382.0,8389.0,93125.711,1239.299,,,3028487.0,1664450.0,1364037.0,31.1,13367.565,647.6412,6769146.0,20.150798933868465
Afrika,Lesotho,21460.0,652.0,9939.478,301.982,,,383341.0,347836.0,339506.0,22.2,2851.153,71.1276,2159079.0,15.724575154498746
Afrika,Liberia,5801.0,286.0,1119.839,55.21,,,93617.0,84482.0,9135.0,19.2,752.788,46.5139,5180203.0,0.17634444055570794
Afrika,Libya,346813.0,4792.0,49839.923,688.65,,,1689252.0,1424692.0,264560.0,29.0,17881.509,3.9547,6958532.0,3.8019513311140916
Europa,Liechtenstein,3567.0,60.0,93245.151,1568.463,69730.0,0.011,47078.0,24744.0,23015.0,,,239.0625,38250.0,60.16993464052287
Europa,Lithuania,353289.0,5248.0,131340.939,1951.029,5381950.0,0.104,3279760.0,1768497.0,1637461.0,43.5,29524.265,41.1924,2689862.0,60.87527910353765
Europa,Luxembourg,79196.0,837.0,124754.653,1318.496,3543784.0,0.044,799074.0,421719.0,,39.7,94277.965,245.4811,634814.0,
Afrika,Madagascar,43610.0,960.0,1534.087,33.77,,,,,,19.6,1416.44,48.4248,28427328.0,
Afrika,Malawi,61679.0,2290.0,3139.251,116.553,,,1117234.0,868390.0,510239.0,18.1,1095.042,165.8256,19647684.0,2.5969422146650976
Azië,Malaysia,2346303.0,27422.0,71585.582,836.644,,,45835200.0,24511724.0,21437380.0,29.9,26808.164,99.0807,32776194.000000004,65.40533656836422
Azië,Maldives,85622.0,234.0,157503.403,430.448,1543706.0,0.02,739914.0,393133.0,346781.0,30.6,15183.616,1812.0567,543617.0,63.79141932647434
Afrika,Mali,15490.0,553.0,742.722,26.516,,,413563.0,318655.0,240321.0,16.4,2014.306,16.8165,20855735.0,1.1523017529710653
Europa,Malta,37358.0,459.0,72601.27,892.017,1306982.0,0.012,840675.0,423849.0,423566.0,42.4,36513.323,1401.2152,442784.0,95.65973476909735
Oceanië,Marshall Islands,4.0,,67.094,,,,,,,,3819.202,329.337,59610.0,
Afrika,Mauritania,36432.0,785.0,7629.562,164.394,,,,,,20.3,3597.633,4.6329,4775119.0,
Afrika,Mauritius,16291.0,110.0,12793.028,86.381,,,1686047.0,870130.0,815917.0,37.4,20292.745,624.2319,1273433.0,64.07223623072434
Noord-Amerika,Mexico,3725242.0,282227.0,28598.023,2166.607,10389202.0,0.249,107381477.0,66680553.0,48482445.0,29.3,17336.469,66.3123,130262216.0,37.219115787190354
Europa,Moldova,307182.0,7048.0,76337.001,1751.48,1822979.0,0.189,1437198.0,824986.0,812959.0,37.6,5189.972,118.892,4024019.0,20.20266305899649
Europa,Monaco,3336.0,35.0,84412.955,885.628,,,,,,,,19755.5,39511.0,
Azië,Mongolia,326738.0,1450.0,98140.68,435.529,4074039.0,0.259,4387025.0,2252914.0,2134111.0,28.6,11840.846,2.1286,3329289.0,64.10110386932465
Europa,Montenegro,135533.0,1992.0,215799.354,3171.717,,,475813.0,250947.0,224866.0,39.1,16409.288,45.4715,628053.0,35.803666251096644
Noord-Amerika,Montserrat,,,,,,,2911.0,1502.0,1409.0,,,48.7941,4977.0,28.310227044404257
Afrika,Morocco,939356.0,14474.0,25153.604,387.578,8853903.0,0.052,43122611.0,23023859.0,20098752.0,29.6,7485.013,83.6296,37344795.0,53.819419814729194
Afrika,Mozambique,150991.0,1924.0,4694.549,59.82,901901.0,0.038,3677063.0,1903730.0,1773333.0,17.7,1136.103,40.1241,32163047.0,5.513572765664895
Azië,Myanmar,479848.0,18162.0,8755.39,331.387,4376017.0,0.078,12263702.0,8390746.0,3872956.0,29.1,5591.597,81.0047,54806012.0,7.066662686568035
Afrika,Namibia,128129.0,3527.0,49521.44,1363.174,713463.0,0.037,472404.0,276431.0,195973.0,22.0,9541.808,3.1338,2587344.0,7.57429240178345
Azië,Nepal,802861.0,11243.0,27055.204,378.872,4256803.0,0.091,14780678.0,8317902.0,6462776.0,25.0,2442.804,201.6219,29674920.0,21.778579352530688
Europa,Netherlands,2065511.0,18635.0,120275.997,1085.128,13409992.0,0.063,23698483.0,12876117.0,11605975.0,43.2,48472.545,410.3488,17173099.0,67.58229833765007
Oceanië,New Caledonia,,,,,,,251551.0,153060.0,98491.0,33.4,,15.5164,288218.0,34.172397282612465
Oceanië,New Zealand,4705.0,28.0,967.979,5.761,3602589.0,0.002,5902104.0,3463004.0,2439100.0,37.9,36085.843,17.9713,4860643.0,50.1806036773324
Noord-Amerika,Nicaragua,15134.0,205.0,2258.004,30.586,,,999990.0,671784.0,328206.0,27.3,5321.444,51.4093,6702385.0,4.896853881118438
Afrika,Niger,6115.0,204.0,243.327,8.118,,,646086.0,429471.0,216615.0,15.1,926.0,19.8349,25130817.0,0.8619496930800141
Afrika,Nigeria,207978.0,2756.0,983.809,13.037,3142971.0,0.029,7130171.0,4963985.0,2166186.0,18.1,5338.454,228.8461,211400708.0,1.0246824717351466
Europa,North Macedonia,195002.0,6849.0,93631.177,3288.581,,,1544531.0,795968.0,748563.0,39.1,13111.214,80.9963,2082658.0,35.94267517758556
Europa,Norway,193734.0,871.0,35445.875,159.36,7864561.0,0.049,7874383.0,4183502.0,3690881.0,39.7,64800.057,16.8795,5465630.0,67.52892164306768
Azië,Oman,303978.0,4102.0,58195.696,785.316,,,5254466.0,2959586.0,2294880.0,30.7,37960.709,16.8768,5223375.0,43.93481226218681
Azië,Pakistan,1259648.0,28152.0,5593.465,125.009,19911021.0,0.022,92597193.0,64463928.0,34299139.0,23.5,5034.708,255.3542,225199937.0,15.23052779539632
Oceanië,Palau,5.0,,275.118,,,,,,,,13240.405,39.5839,18169.0,
Azië,Palestine,443766.0,4504.0,84967.783,862.38,,0.778,2301812.0,1416215.0,1176037.0,20.4,4449.898,839.6701,5222748.0,22.517590356647496
Noord-Amerika,Panama,469190.0,7271.0,107082.303,1659.446,3906709.0,0.034,5271936.0,2951452.0,2316857.0,29.7,22267.037,58.098,4381579.0,52.877216181655065
Oceanië,Papua New Guinea,23026.0,245.0,2525.056,26.867,,,194962.0,133741.0,61221.0,22.6,3823.194,19.7023,9119010.0,0.6713557721726372
Zuid-Amerika,Paraguay,460218.0,16207.0,63745.275,2244.848,1846953.0,0.013,4836914.0,2838640.0,1998274.0,26.5,8827.01,17.7495,7219638.0,27.678312956965435
Zuid-Amerika,Peru,2184676.0,199703.0,65489.038,5986.406,,,29511990.0,16784075.0,12727915.0,29.1,12236.706,25.9563,33359417.999999996,38.153888056440316
Azië,Philippines,2674814.0,39660.0,24087.244,357.146,20507811.0,0.197,50066590.0,,23360489.0,25.2,7599.188,324.3638,111046913.0,21.036594686787915
Europa,Poland,2923304.0,75869.0,77342.223,2007.276,20707050.0,0.035,37666261.0,19885124.0,19540515.0,41.8,27216.445,120.8812,37797005.0,51.69858035048015
Europa,Portugal,1075639.0,18048.0,105787.485,1774.994,19023656.0,0.016,16042424.0,8957792.0,8729560.0,46.2,27936.896,110.4129,10167925.0,85.85389841093438
Azië,Qatar,237483.0,607.0,81037.726,207.13,2723342.0,,4767210.0,,,31.9,116935.6,252.937,2930528.0,
Europa,Romania,1365788.0,39629.0,71403.402,2071.804,13294804.0,0.223,10763280.0,6130679.0,5531778.0,43.0,23313.199,80.237,19127774.0,28.92013466909427
Europa,Russia,7687559.0,213522.0,52686.262,1463.361,195638185.0,0.049,94671192.0,49571462.0,45099730.0,39.6,24765.954,8.5337,145912025.0,30.90885072700485
Afrika,Rwanda,98745.0,1308.0,7437.568,98.52,2938657.0,0.01,3888869.0,2192888.0,1695981.0,20.3,1854.211,504.082,13276513.0,12.774295479543463
Noord-Amerika,Saint Kitts and Nevis,2412.0,19.0,45045.382,354.835,46380.0,0.105,48755.0,25946.0,22809.0,,24654.385,205.1494,53544.0,42.59861048857015
Noord-Amerika,Saint Lucia,12017.0,224.0,65167.759,1214.744,,,83448.0,47703.0,35745.0,34.9,12951.839,299.3506,184400.0,19.38449023861171
Noord-Amerika,Saint Vincent and the Grenadines,4096.0,38.0,36811.691,341.515,77176.0,,35118.0,21336.0,13782.0,31.8,10727.146,286.0231,111263.0,12.386867152602392
Oceanië,Samoa,3.0,,14.989,,,,172316.0,114698.0,57618.0,22.0,6021.557,70.4254,200149.0,28.787553272811756
Europa,San Marino,5470.0,91.0,160835.049,2675.684,,,47100.0,,24440.0,,56861.47,557.6557,34017.0,71.8464297263133
Afrika,Sao Tome and Principe,3629.0,56.0,16247.023,250.712,,,101065.0,73554.0,27511.0,18.7,3052.714,231.7095,223368.0,12.316446402349486
Azië,Saudi Arabia,547649.0,8748.0,15496.278,247.533,29430910.0,0.001,43852647.0,23731270.0,20121377.0,31.9,49045.411,16.4399,35340683.0,56.93545028544016
Afrika,Senegal,73841.0,1868.0,4294.003,108.628,828629.0,0.003,1828842.0,1263844.0,564998.0,18.7,2470.58,87.4142,17196301.0,3.2855786834622167
Europa,Serbia,1010868.0,8788.0,146328.202,1272.107,5874429.0,0.298,6655878.0,3061127.0,2929468.0,41.2,14048.881,98.432,8697550.0,33.68153100585797
Afrika,Seychelles,21769.0,118.0,220088.97,1193.004,,,,,,36.2,26382.287,218.823,98908.0,
Afrika,Sierra Leone,6396.0,121.0,785.62,14.862,,,236465.0,192558.0,43907.0,19.1,1390.3,113.484,8141343.0,0.539309055029373
Azië,Singapore,129229.0,172.0,21915.538,29.169,20436387.0,0.054,9670942.0,4716546.0,4605568.0,42.4,85535.383,8305.1915,5896686.0,78.10434538993597
Europa,Slovakia,425971.0,12735.0,78006.294,2332.107,42271380.0,0.056,4745132.0,2471274.0,2273858.0,41.2,30155.152,111.3592,5460721.0,41.64025226705411
Europa,Slovenia,301644.0,4617.0,145110.243,2221.075,1626242.0,0.196,2182831.0,1135716.0,1047115.0,44.5,31400.84,102.5366,2078724.0000000002,50.372969186866555
Oceanië,Solomon Islands,20.0,,28.409,,,,130204.0,104760.0,25444.0,20.8,2205.923,24.3631,703996.0,3.614225080824323
Afrika,Somalia,21269.0,1180.0,1300.101,72.129,,,542501.0,297741.0,244760.0,16.8,,25.6556,16359504.0,1.496133379104892
Afrika,South Africa,2912346.0,88346.0,48505.15,1471.403,17864698.0,0.046,19041535.0,13466577.0,9911989.0,27.3,12294.876,49.173,60041994.0,16.508427418316586
Azië,South Korea,334163.0,2594.0,6513.24,50.56,13721674.0,0.054,69161152.0,40014733.0,30606048.0,43.4,35938.374,511.9767,51305186.0,59.65488167219587
Afrika,South Sudan,12114.0,130.0,1064.37,11.422,,,113013.0,81061.0,31952.0,19.2,1569.888,18.3646,11381378.0,0.2807392918502487
Europa,Spain,4977448.0,86827.0,106480.384,1857.452,59314343.0,0.024,70822813.0,37816635.0,36937743.0,45.5,34272.36,92.3833,46745216.0,79.01930114089109
Azië,Sri Lanka,527064.0,13354.0,24517.677,621.194,5355028.0,0.134,27102057.0,14703606.0,12398451.0,34.1,11669.077,327.6529,21497310.0,57.67442996356288
Afrika,Sudan,38827.0,2953.0,864.564,65.755,,,,,,19.7,4466.507,23.8111,44909353.0,
Zuid-Amerika,Suriname,44306.0,968.0,74866.762,1635.693,,,417831.0,237707.0,180124.0,29.6,13767.119,3.6125,591800.0,30.43663399797229
Europa,Sweden,1157822.0,14905.0,113957.075,1467.005,,0.03,13965508.0,7188306.0,6721017.0,41.0,46949.283,22.5634,10160169.0,66.15064178558447
Europa,Switzerland,850684.0,11133.0,97605.942,1277.38,10760244.0,0.033,10664254.0,5606512.0,5207485.0,43.1,57410.166,211.1107,8715494.0,59.74973994589406
Azië,Syria,37229.0,2348.0,2037.076,128.477,,,811852.0,613263.0,321276.0,21.7,,98.6916,18275702.0,1.7579406799257287
Azië,Taiwan,16305.0,846.0,683.504,35.464,3619373.0,0.0,18240856.0,13759882.0,4480974.0,42.2,,659.1056,23855010.0,18.784205078933105
Azië,Tajikistan,17484.0,125.0,1793.3,12.821,,,4362853.0,2464077.0,1898776.0,23.3,2896.913,68.1316,9749627.0,19.47537069879699
Afrika,Tanzania,25957.0,723.0,422.076,11.756,,,595938.0,,560938.0,17.7,2683.304,65.0717,61498437.0,0.9121174900753981
Azië,Thailand,1720919.0,17751.0,24601.833,253.764,14201188.0,0.223,59539624.0,34782627.0,23055555.0,40.1,16277.671,136.3245,69950850.0,32.9596495253453
Afrika,Togo,25788.0,236.0,3041.668,27.836,518580.0,0.038,1215025.0,805728.0,409297.0,19.4,1429.813,149.3044,8478250.0,4.827611830271578
Oceanië,Tonga,,,,,,,74503.0,46985.0,27518.0,22.3,5425.621,142.9183,106760.0,25.775571375046834
Noord-Amerika,Trinidad and Tobago,52847.0,1555.0,37657.104,1108.044,353373.0,0.122,1145835.0,597951.0,547884.0,36.2,28763.071,273.5624,1403375.0,39.04045604346664
Afrika,Tunisia,709866.0,25039.0,59473.864,2097.813,2994047.0,0.053,8505215.0,5294505.0,4095504.0,32.7,10849.297,72.9525,11935766.0,34.31287108007982
Azië,Turkey,7475085.0,66368.0,87897.983,780.408,90162700.0,0.084,112666626.0,54565515.0,46435265.0,31.6,25129.341,108.5335,85042738.0,54.60226950830299
Noord-Amerika,Turks and Caicos Islands,,,,,,,54417.0,28305.0,26112.0,,,41.3829,39231.0,66.55960847289134
Afrika,Uganda,124736.0,3177.0,2647.0,67.419,1705808.0,0.032,2615807.0,2200321.0,415486.0,16.4,1697.707,195.0881,47123531.0,0.8816953890827918
Europa,Ukraine,2667304.0,62550.0,61364.137,1439.029,13277259.0,0.306,13807133.0,7609047.0,6198086.0,41.4,7894.393,72.0246,43466819.0,14.259350333411792
Azië,United Arab Emirates,737890.0,2114.0,73854.856,211.589,87246490.0,0.0,20479211.0,9445401.0,8426682.0,34.0,67293.483,119.5106,9991089.0,84.34197713582573
Europa,United Kingdom,8232327.0,138167.0,120696.017,2025.698,283376305.0,0.04,94376101.0,49186920.0,45189181.0,40.8,39753.244,280.8033,68207116.0,66.25288335017713
Noord-Amerika,United States,44455949.0,714055.0,133535.404,2144.856,592381867.0,0.077,401819240.0,216889814.0,187215471.0,38.3,54225.446,35.52,332915073.0,56.235204165718265
Zuid-Amerika,Uruguay,390115.0,6064.0,111936.294,1739.953,3635691.0,0.015,6404740.0,2743915.0,2598784.0,35.6,20551.409,19.2514,3485151.0,74.56732864659236
Azië,Uzbekistan,178637.0,1271.0,5263.974,37.453,,,21978290.0,12025985.0,4941860.0,28.2,6253.104,75.8511,33935763.0,14.562395429270294
Oceanië,Vanuatu,4.0,1.0,12.72,3.18,,,73744.0,49639.0,24105.0,23.1,2921.909,25.799,314464.0,7.6654243411010485
Zuid-Amerika,Venezuela,384668.0,4634.0,13400.756,161.436,,,16127242.0,9926613.0,6190629.0,29.0,16745.022,31.3221,28704954.0,21.566413240028183
Azië,Vietnam,843281.0,20670.0,8590.11,210.556,24871501.0,0.055,54279564.0,38698136.0,15581428.0,32.6,6171.884,296.3927,98168833.0,15.872072147378995
Oceanië,Wallis and Futuna,,,,,,,10843.0,5679.0,5164.0,,,78.1268,11094.0,46.54768343248603
Azië,Yemen,9402.0,1782.0,308.357,58.444,,,,,,20.3,1479.147,57.7509,30490640.0,
Afrika,Zambia,209353.0,3654.0,11064.785,193.122,2509600.0,0.005,802043.0,,462835.0,17.7,3689.251,25.14,18920651.0,2.4461896157801335
Afrika,Zimbabwe,131875.0,4643.0,8737.974,307.643,1288436.0,0.038,5594808.0,3176445.0,2418363.0,19.6,1899.775,38.6229,15092171.0,16.023957056940315
